id,serviciu,tip_lucrare,varianta_finisaj_sistem_stare,varianta_secundara,amplasament_cladire,prag_suprafata,unitate_masura,pret_min_eur,pret_max_eur,are_pret_predefinit,eticheta_selectie,text_rezultat_afisat_client
TC-01-10-20,Terase circulabile / Balcoane,Refacere terasă/balcon,Gresie cu adeziv,Adiacent cu peretele terasei și pe tavanul inferior,"Bloc, etaje superioare de la et.2 și mai sus",10-20,mp,410,490,Da,"Gresie cu adeziv · Bloc, etaje superioare de la et.2 și mai sus · Adiacent cu peretele terasei și pe tavanul inferior","Estimare: 410–490 €/mp fără TVA (interval) pentru 10-20 mp. Lucrare: Refacere terasă/balcon, finisaj/sistem: Gresie cu adeziv. Aceasta este o estimare orientativă — confirmarea vine pe WhatsApp după analiza pozelor."
TC-01-21-50,Terase circulabile / Balcoane,Refacere terasă/balcon,Gresie cu adeziv,Adiacent cu peretele terasei și pe tavanul inferior,"Bloc, etaje superioare de la et.2 și mai sus",21-50,mp,390,470,Da,"Gresie cu adeziv · Bloc, etaje superioare de la et.2 și mai sus · Adiacent cu peretele terasei și pe tavanul inferior","Estimare: 390–470 €/mp fără TVA (interval) pentru 21-50 mp. Lucrare: Refacere terasă/balcon, finisaj/sistem: Gresie cu adeziv. Aceasta este o estimare orientativă — confirmarea vine pe WhatsApp după analiza pozelor."
TC-01-51-100,Terase circulabile / Balcoane,Refacere terasă/balcon,Gresie cu adeziv,Adiacent cu peretele terasei și pe tavanul inferior,"Bloc, etaje superioare de la et.2 și mai sus",51-100,mp,420,420,Da,"Gresie cu adeziv · Bloc, etaje superioare de la et.2 și mai sus · Adiacent cu peretele terasei și pe tavanul inferior","Estimare: 420 €/mp fără TVA (preț fix) pentru 51-100 mp. Lucrare: Refacere terasă/balcon, finisaj/sistem: Gresie cu adeziv. Aceasta este o estimare orientativă — confirmarea vine pe WhatsApp după analiza pozelor."
TC-01-101-250,Terase circulabile / Balcoane,Refacere terasă/balcon,Gresie cu adeziv,Adiacent cu peretele terasei și pe tavanul inferior,"Bloc, etaje superioare de la et.2 și mai sus",101-250,mp,390,390,Da,"Gresie cu adeziv · Bloc, etaje superioare de la et.2 și mai sus · Adiacent cu peretele terasei și pe tavanul inferior","Estimare: 390 €/mp fără TVA (preț fix) pentru 101-250 mp. Lucrare: Refacere terasă/balcon, finisaj/sistem: Gresie cu adeziv. Aceasta este o estimare orientativă — confirmarea vine pe WhatsApp după analiza pozelor."
TC-02-10-20,Terase circulabile / Balcoane,Refacere terasă/balcon,Gresie cu adeziv,Adiacent cu peretele interior al camerei și pe tavanul inferior,Casă sau et.1,10-20,mp,390,470,Da,Gresie cu adeziv · Casă sau et.1 · Adiacent cu peretele interior al camerei și pe tavanul inferior,"Estimare: 390–470 €/mp fără TVA (interval) pentru 10-20 mp. Lucrare: Refacere terasă/balcon, finisaj/sistem: Gresie cu adeziv. Aceasta este o estimare orientativă — confirmarea vine pe WhatsApp după analiza pozelor."
TC-02-21-50,Terase circulabile / Balcoane,Refacere terasă/balcon,Gresie cu adeziv,Adiacent cu peretele interior al camerei și pe tavanul inferior,Casă sau et.1,21-50,mp,370,450,Da,Gresie cu adeziv · Casă sau et.1 · Adiacent cu peretele interior al camerei și pe tavanul inferior,"Estimare: 370–450 €/mp fără TVA (interval) pentru 21-50 mp. Lucrare: Refacere terasă/balcon, finisaj/sistem: Gresie cu adeziv. Aceasta este o estimare orientativă — confirmarea vine pe WhatsApp după analiza pozelor."
TC-02-51-100,Terase circulabile / Balcoane,Refacere terasă/balcon,Gresie cu adeziv,Adiacent cu peretele interior al camerei și pe tavanul inferior,Casă sau et.1,51-100,mp,400,400,Da,Gresie cu adeziv · Casă sau et.1 · Adiacent cu peretele interior al camerei și pe tavanul inferior,"Estimare: 400 €/mp fără TVA (preț fix) pentru 51-100 mp. Lucrare: Refacere terasă/balcon, finisaj/sistem: Gresie cu adeziv. Aceasta este o estimare orientativă — confirmarea vine pe WhatsApp după analiza pozelor."
TC-02-101-250,Terase circulabile / Balcoane,Refacere terasă/balcon,Gresie cu adeziv,Adiacent cu peretele interior al camerei și pe tavanul inferior,Casă sau et.1,101-250,mp,370,370,Da,Gresie cu adeziv · Casă sau et.1 · Adiacent cu peretele interior al camerei și pe tavanul inferior,"Estimare: 370 €/mp fără TVA (preț fix) pentru 101-250 mp. Lucrare: Refacere terasă/balcon, finisaj/sistem: Gresie cu adeziv. Aceasta este o estimare orientativă — confirmarea vine pe WhatsApp după analiza pozelor."
TC-03-10-20,Terase circulabile / Balcoane,Refacere terasă/balcon,Gresie cu adeziv,Adiacent cu peretele interior al camerei,"Bloc, etaje superioare de la et.2 și mai sus",10-20,mp,355,410,Da,"Gresie cu adeziv · Bloc, etaje superioare de la et.2 și mai sus · Adiacent cu peretele interior al camerei","Estimare: 355–410 €/mp fără TVA (interval) pentru 10-20 mp. Lucrare: Refacere terasă/balcon, finisaj/sistem: Gresie cu adeziv. Aceasta este o estimare orientativă — confirmarea vine pe WhatsApp după analiza pozelor."
TC-03-21-50,Terase circulabile / Balcoane,Refacere terasă/balcon,Gresie cu adeziv,Adiacent cu peretele interior al camerei,"Bloc, etaje superioare de la et.2 și mai sus",21-50,mp,340,400,Da,"Gresie cu adeziv · Bloc, etaje superioare de la et.2 și mai sus · Adiacent cu peretele interior al camerei","Estimare: 340–400 €/mp fără TVA (interval) pentru 21-50 mp. Lucrare: Refacere terasă/balcon, finisaj/sistem: Gresie cu adeziv. Aceasta este o estimare orientativă — confirmarea vine pe WhatsApp după analiza pozelor."
TC-03-51-100,Terase circulabile / Balcoane,Refacere terasă/balcon,Gresie cu adeziv,Adiacent cu peretele interior al camerei,"Bloc, etaje superioare de la et.2 și mai sus",51-100,mp,390,390,Da,"Gresie cu adeziv · Bloc, etaje superioare de la et.2 și mai sus · Adiacent cu peretele interior al camerei","Estimare: 390 €/mp fără TVA (preț fix) pentru 51-100 mp. Lucrare: Refacere terasă/balcon, finisaj/sistem: Gresie cu adeziv. Aceasta este o estimare orientativă — confirmarea vine pe WhatsApp după analiza pozelor."
TC-03-101-250,Terase circulabile / Balcoane,Refacere terasă/balcon,Gresie cu adeziv,Adiacent cu peretele interior al camerei,"Bloc, etaje superioare de la et.2 și mai sus",101-250,mp,370,370,Da,"Gresie cu adeziv · Bloc, etaje superioare de la et.2 și mai sus · Adiacent cu peretele interior al camerei","Estimare: 370 €/mp fără TVA (preț fix) pentru 101-250 mp. Lucrare: Refacere terasă/balcon, finisaj/sistem: Gresie cu adeziv. Aceasta este o estimare orientativă — confirmarea vine pe WhatsApp după analiza pozelor."
TC-04-10-20,Terase circulabile / Balcoane,Refacere terasă/balcon,Gresie cu adeziv,Adiacent cu peretele interior al terasei,"Casă, bloc etaj 1, gresie și adeziv sparte",10-20,mp,340,400,Da,"Gresie cu adeziv · Casă, bloc etaj 1, gresie și adeziv sparte · Adiacent cu peretele interior al terasei","Estimare: 340–400 €/mp fără TVA (interval) pentru 10-20 mp. Lucrare: Refacere terasă/balcon, finisaj/sistem: Gresie cu adeziv. Aceasta este o estimare orientativă — confirmarea vine pe WhatsApp după analiza pozelor."
TC-04-21-50,Terase circulabile / Balcoane,Refacere terasă/balcon,Gresie cu adeziv,Adiacent cu peretele interior al terasei,"Casă, bloc etaj 1, gresie și adeziv sparte",21-50,mp,320,390,Da,"Gresie cu adeziv · Casă, bloc etaj 1, gresie și adeziv sparte · Adiacent cu peretele interior al terasei","Estimare: 320–390 €/mp fără TVA (interval) pentru 21-50 mp. Lucrare: Refacere terasă/balcon, finisaj/sistem: Gresie cu adeziv. Aceasta este o estimare orientativă — confirmarea vine pe WhatsApp după analiza pozelor."
TC-04-51-100,Terase circulabile / Balcoane,Refacere terasă/balcon,Gresie cu adeziv,Adiacent cu peretele interior al terasei,"Casă, bloc etaj 1, gresie și adeziv sparte",51-100,mp,350,350,Da,"Gresie cu adeziv · Casă, bloc etaj 1, gresie și adeziv sparte · Adiacent cu peretele interior al terasei","Estimare: 350 €/mp fără TVA (preț fix) pentru 51-100 mp. Lucrare: Refacere terasă/balcon, finisaj/sistem: Gresie cu adeziv. Aceasta este o estimare orientativă — confirmarea vine pe WhatsApp după analiza pozelor."
TC-04-101-250,Terase circulabile / Balcoane,Refacere terasă/balcon,Gresie cu adeziv,Adiacent cu peretele interior al terasei,"Casă, bloc etaj 1, gresie și adeziv sparte",101-250,mp,320,320,Da,"Gresie cu adeziv · Casă, bloc etaj 1, gresie și adeziv sparte · Adiacent cu peretele interior al terasei","Estimare: 320 €/mp fără TVA (preț fix) pentru 101-250 mp. Lucrare: Refacere terasă/balcon, finisaj/sistem: Gresie cu adeziv. Aceasta este o estimare orientativă — confirmarea vine pe WhatsApp după analiza pozelor."
TC-05-10-20,Terase circulabile / Balcoane,Refacere terasă/balcon,Pardoseală deck (refacere completă),Adiacent cu peretele interior al terasei,"Bloc, etaje superioare, până la placa de beton",10-20,mp,430,430,Da,"Pardoseală deck (refacere completă) · Bloc, etaje superioare, până la placa de beton · Adiacent cu peretele interior al terasei","Estimare: 430 €/mp fără TVA (preț fix) pentru 10-20 mp. Lucrare: Refacere terasă/balcon, finisaj/sistem: Pardoseală deck (refacere completă). Aceasta este o estimare orientativă — confirmarea vine pe WhatsApp după analiza pozelor."
TC-05-21-50,Terase circulabile / Balcoane,Refacere terasă/balcon,Pardoseală deck (refacere completă),Adiacent cu peretele interior al terasei,"Bloc, etaje superioare, până la placa de beton",21-50,mp,365,365,Da,"Pardoseală deck (refacere completă) · Bloc, etaje superioare, până la placa de beton · Adiacent cu peretele interior al terasei","Estimare: 365 €/mp fără TVA (preț fix) pentru 21-50 mp. Lucrare: Refacere terasă/balcon, finisaj/sistem: Pardoseală deck (refacere completă). Aceasta este o estimare orientativă — confirmarea vine pe WhatsApp după analiza pozelor."
TC-05-51-100,Terase circulabile / Balcoane,Refacere terasă/balcon,Pardoseală deck (refacere completă),Adiacent cu peretele interior al terasei,"Bloc, etaje superioare, până la placa de beton",51-100,mp,354,354,Da,"Pardoseală deck (refacere completă) · Bloc, etaje superioare, până la placa de beton · Adiacent cu peretele interior al terasei","Estimare: 354 €/mp fără TVA (preț fix) pentru 51-100 mp. Lucrare: Refacere terasă/balcon, finisaj/sistem: Pardoseală deck (refacere completă). Aceasta este o estimare orientativă — confirmarea vine pe WhatsApp după analiza pozelor."
TC-05-101-250,Terase circulabile / Balcoane,Refacere terasă/balcon,Pardoseală deck (refacere completă),Adiacent cu peretele interior al terasei,"Bloc, etaje superioare, până la placa de beton",101-250,mp,330,330,Da,"Pardoseală deck (refacere completă) · Bloc, etaje superioare, până la placa de beton · Adiacent cu peretele interior al terasei","Estimare: 330 €/mp fără TVA (preț fix) pentru 101-250 mp. Lucrare: Refacere terasă/balcon, finisaj/sistem: Pardoseală deck (refacere completă). Aceasta este o estimare orientativă — confirmarea vine pe WhatsApp după analiza pozelor."
TC-06-10-20,Terase circulabile / Balcoane,Refacere terasă/balcon,Pardoseală deck (doar hidroizolație + remontaj deck existent),Adiacent cu peretele interior al terasei,"Bloc etaj 1, case, etaje superioare, până la placa de beton",10-20,mp,240,240,Da,"Pardoseală deck (doar hidroizolație + remontaj deck existent) · Bloc etaj 1, case, etaje superioare, până la placa de beton · Adiacent cu peretele interior al terasei","Estimare: 240 €/mp fără TVA (preț fix) pentru 10-20 mp. Lucrare: Refacere terasă/balcon, finisaj/sistem: Pardoseală deck (doar hidroizolație + remontaj deck existent). Aceasta este o estimare orientativă — confirmarea vine pe WhatsApp după analiza pozelor."
TC-06-21-50,Terase circulabile / Balcoane,Refacere terasă/balcon,Pardoseală deck (doar hidroizolație + remontaj deck existent),Adiacent cu peretele interior al terasei,"Bloc etaj 1, case, etaje superioare, până la placa de beton",21-50,mp,220,220,Da,"Pardoseală deck (doar hidroizolație + remontaj deck existent) · Bloc etaj 1, case, etaje superioare, până la placa de beton · Adiacent cu peretele interior al terasei","Estimare: 220 €/mp fără TVA (preț fix) pentru 21-50 mp. Lucrare: Refacere terasă/balcon, finisaj/sistem: Pardoseală deck (doar hidroizolație + remontaj deck existent). Aceasta este o estimare orientativă — confirmarea vine pe WhatsApp după analiza pozelor."
TC-06-51-100,Terase circulabile / Balcoane,Refacere terasă/balcon,Pardoseală deck (doar hidroizolație + remontaj deck existent),Adiacent cu peretele interior al terasei,"Bloc etaj 1, case, etaje superioare, până la placa de beton",51-100,mp,195,195,Da,"Pardoseală deck (doar hidroizolație + remontaj deck existent) · Bloc etaj 1, case, etaje superioare, până la placa de beton · Adiacent cu peretele interior al terasei","Estimare: 195 €/mp fără TVA (preț fix) pentru 51-100 mp. Lucrare: Refacere terasă/balcon, finisaj/sistem: Pardoseală deck (doar hidroizolație + remontaj deck existent). Aceasta este o estimare orientativă — confirmarea vine pe WhatsApp după analiza pozelor."
TC-06-101-250,Terase circulabile / Balcoane,Refacere terasă/balcon,Pardoseală deck (doar hidroizolație + remontaj deck existent),Adiacent cu peretele interior al terasei,"Bloc etaj 1, case, etaje superioare, până la placa de beton",101-250,mp,180,180,Da,"Pardoseală deck (doar hidroizolație + remontaj deck existent) · Bloc etaj 1, case, etaje superioare, până la placa de beton · Adiacent cu peretele interior al terasei","Estimare: 180 €/mp fără TVA (preț fix) pentru 101-250 mp. Lucrare: Refacere terasă/balcon, finisaj/sistem: Pardoseală deck (doar hidroizolație + remontaj deck existent). Aceasta este o estimare orientativă — confirmarea vine pe WhatsApp după analiza pozelor."
TC-07-oricare,Terase circulabile / Balcoane,Refacere terasă/balcon,Sistem lichid,Adiacent cu peretele interior al terasei,"Bloc etaj 1, case, etaje superioare, până la placa de beton",oricare,mp,,,Nu,Sistem lichid · fără preț predefinit,"Pentru acest tip de lucrare nu avem un preț standard — fiecare caz este diferit. Trimiteți-ne poze și vă răspundem personal, de regulă în aceeași zi."
TN-BIT-51-100,Terase necirculabile,"Terasă necirculabilă, acces ocazional/mentenanță","Bitum cauciuc semifluid, două straturi armat, Hahne Germania",,,51-100,mp,25,25,Da,"Bitum cauciuc semifluid, două straturi armat, Hahne Germania","Estimare: 25 €/mp fără TVA (preț fix) pentru 51-100 mp. Lucrare: Terasă necirculabilă, acces ocazional/mentenanță, finisaj/sistem: Bitum cauciuc semifluid, două straturi armat, Hahne Germania. Aceasta este o estimare orientativă — confirmarea vine pe WhatsApp după analiza pozelor."
TN-BIT-100-500,Terase necirculabile,"Terasă necirculabilă, acces ocazional/mentenanță","Bitum cauciuc semifluid, două straturi armat, Hahne Germania",,,100-500,mp,27,27,Da,"Bitum cauciuc semifluid, două straturi armat, Hahne Germania","Estimare: 27 €/mp fără TVA (preț fix) pentru 100-500 mp. Lucrare: Terasă necirculabilă, acces ocazional/mentenanță, finisaj/sistem: Bitum cauciuc semifluid, două straturi armat, Hahne Germania. Aceasta este o estimare orientativă — confirmarea vine pe WhatsApp după analiza pozelor."
TN-ACR-51-100,Terase necirculabile,"Terasă necirculabilă, acces ocazional/mentenanță","Acrilic semifluid, două straturi armat, Hahne Germania",,,51-100,mp,48,48,Da,"Acrilic semifluid, două straturi armat, Hahne Germania","Estimare: 48 €/mp fără TVA (preț fix) pentru 51-100 mp. Lucrare: Terasă necirculabilă, acces ocazional/mentenanță, finisaj/sistem: Acrilic semifluid, două straturi armat, Hahne Germania. Aceasta este o estimare orientativă — confirmarea vine pe WhatsApp după analiza pozelor."
TN-ACR-100-500,Terase necirculabile,"Terasă necirculabilă, acces ocazional/mentenanță","Acrilic semifluid, două straturi armat, Hahne Germania",,,100-500,mp,50,50,Da,"Acrilic semifluid, două straturi armat, Hahne Germania","Estimare: 50 €/mp fără TVA (preț fix) pentru 100-500 mp. Lucrare: Terasă necirculabilă, acces ocazional/mentenanță, finisaj/sistem: Acrilic semifluid, două straturi armat, Hahne Germania. Aceasta este o estimare orientativă — confirmarea vine pe WhatsApp după analiza pozelor."
TN-POL-51-100,Terase necirculabile,"Terasă necirculabilă, acces ocazional/mentenanță","Poliuretanic semifluid, două straturi armat, Hahne Germania",,,51-100,mp,85,85,Da,"Poliuretanic semifluid, două straturi armat, Hahne Germania","Estimare: 85 €/mp fără TVA (preț fix) pentru 51-100 mp. Lucrare: Terasă necirculabilă, acces ocazional/mentenanță, finisaj/sistem: Poliuretanic semifluid, două straturi armat, Hahne Germania. Aceasta este o estimare orientativă — confirmarea vine pe WhatsApp după analiza pozelor."
TN-POL-100-500,Terase necirculabile,"Terasă necirculabilă, acces ocazional/mentenanță","Poliuretanic semifluid, două straturi armat, Hahne Germania",,,100-500,mp,95,95,Da,"Poliuretanic semifluid, două straturi armat, Hahne Germania","Estimare: 95 €/mp fără TVA (preț fix) pentru 100-500 mp. Lucrare: Terasă necirculabilă, acces ocazional/mentenanță, finisaj/sistem: Poliuretanic semifluid, două straturi armat, Hahne Germania. Aceasta este o estimare orientativă — confirmarea vine pe WhatsApp după analiza pozelor."
TN-VECHE-oricare,Terase necirculabile,Terasă necirculabilă veche,Construcție veche — necesită evaluare,,,oricare,mp,,,Nu,Construcție veche · fără preț predefinit,"Pentru acest tip de lucrare nu avem un preț standard — fiecare caz este diferit. Trimiteți-ne poze și vă răspundem personal, de regulă în aceeași zi."
PE-PAR-20-100,Pardoseli epoxidice,Pardoseală epoxidică rezidențială,Gresie lipită/beton elicopterizat/șapă elicopterizată,,,20-100,mp,27,37,Da,Pardoseală epoxidică rezidențială,"Estimare: 27–37 €/mp fără TVA (interval) pentru 20-100 mp. Lucrare: Pardoseală epoxidică rezidențială, finisaj/sistem: Gresie lipită/beton elicopterizat/șapă elicopterizată. Aceasta este o estimare orientativă — confirmarea vine pe WhatsApp după analiza pozelor."
PE-PAR-100-250,Pardoseli epoxidice,Pardoseală epoxidică rezidențială,Gresie lipită/beton elicopterizat/șapă elicopterizată,,,100-250,mp,25,35,Da,Pardoseală epoxidică rezidențială,"Estimare: 25–35 €/mp fără TVA (interval) pentru 100-250 mp. Lucrare: Pardoseală epoxidică rezidențială, finisaj/sistem: Gresie lipită/beton elicopterizat/șapă elicopterizată. Aceasta este o estimare orientativă — confirmarea vine pe WhatsApp după analiza pozelor."
PE-PAR-250-500,Pardoseli epoxidice,Pardoseală epoxidică rezidențială,Gresie lipită/beton elicopterizat/șapă elicopterizată,,,250-500,mp,23,33,Da,Pardoseală epoxidică rezidențială,"Estimare: 23–33 €/mp fără TVA (interval) pentru 250-500 mp. Lucrare: Pardoseală epoxidică rezidențială, finisaj/sistem: Gresie lipită/beton elicopterizat/șapă elicopterizată. Aceasta este o estimare orientativă — confirmarea vine pe WhatsApp după analiza pozelor."
PE-PAR-20-100,Pardoseli epoxidice,Pardoseală epoxidică autonivelantă,Gresie lipită/beton elicopterizat/șapă elicopterizată,,,20-100,mp,40,50,Da,Pardoseală epoxidică autonivelantă,"Estimare: 40–50 €/mp fără TVA (interval) pentru 20-100 mp. Lucrare: Pardoseală epoxidică autonivelantă, finisaj/sistem: Gresie lipită/beton elicopterizat/șapă elicopterizată. Aceasta este o estimare orientativă — confirmarea vine pe WhatsApp după analiza pozelor."
PE-PAR-100-250,Pardoseli epoxidice,Pardoseală epoxidică autonivelantă,Gresie lipită/beton elicopterizat/șapă elicopterizată,,,100-250,mp,37,48,Da,Pardoseală epoxidică autonivelantă,"Estimare: 37–48 €/mp fără TVA (interval) pentru 100-250 mp. Lucrare: Pardoseală epoxidică autonivelantă, finisaj/sistem: Gresie lipită/beton elicopterizat/șapă elicopterizată. Aceasta este o estimare orientativă — confirmarea vine pe WhatsApp după analiza pozelor."
PE-PAR-250-500,Pardoseli epoxidice,Pardoseală epoxidică autonivelantă,Gresie lipită/beton elicopterizat/șapă elicopterizată,,,250-500,mp,35,45,Da,Pardoseală epoxidică autonivelantă,"Estimare: 35–45 €/mp fără TVA (interval) pentru 250-500 mp. Lucrare: Pardoseală epoxidică autonivelantă, finisaj/sistem: Gresie lipită/beton elicopterizat/șapă elicopterizată. Aceasta este o estimare orientativă — confirmarea vine pe WhatsApp după analiza pozelor."
CM-BET-10-20,Covoare de marmură,Aplicare covor piatră naturală/marmură,Beton elicopterizat,,"Trotuar, terasă parter, zonă piscină, alei rezidențiale",10-20,mp,80,80,Da,Beton elicopterizat,"Estimare: 80 €/mp fără TVA (preț fix) pentru 10-20 mp. Lucrare: Aplicare covor piatră naturală/marmură, finisaj/sistem: Beton elicopterizat. Aceasta este o estimare orientativă — confirmarea vine pe WhatsApp după analiza pozelor."
CM-BET-21-50,Covoare de marmură,Aplicare covor piatră naturală/marmură,Beton elicopterizat,,"Trotuar, terasă parter, zonă piscină, alei rezidențiale",21-50,mp,70,70,Da,Beton elicopterizat,"Estimare: 70 €/mp fără TVA (preț fix) pentru 21-50 mp. Lucrare: Aplicare covor piatră naturală/marmură, finisaj/sistem: Beton elicopterizat. Aceasta este o estimare orientativă — confirmarea vine pe WhatsApp după analiza pozelor."
CM-BET-51-100,Covoare de marmură,Aplicare covor piatră naturală/marmură,Beton elicopterizat,,"Trotuar, terasă parter, zonă piscină, alei rezidențiale",51-100,mp,65,65,Da,Beton elicopterizat,"Estimare: 65 €/mp fără TVA (preț fix) pentru 51-100 mp. Lucrare: Aplicare covor piatră naturală/marmură, finisaj/sistem: Beton elicopterizat. Aceasta este o estimare orientativă — confirmarea vine pe WhatsApp după analiza pozelor."
CM-BET-101-250,Covoare de marmură,Aplicare covor piatră naturală/marmură,Beton elicopterizat,,"Trotuar, terasă parter, zonă piscină, alei rezidențiale",101-250,mp,60,60,Da,Beton elicopterizat,"Estimare: 60 €/mp fără TVA (preț fix) pentru 101-250 mp. Lucrare: Aplicare covor piatră naturală/marmură, finisaj/sistem: Beton elicopterizat. Aceasta este o estimare orientativă — confirmarea vine pe WhatsApp după analiza pozelor."
CM-GRE-10-20,Covoare de marmură,Aplicare covor piatră naturală/marmură,"Gresie lipită pe adeziv, stabilă, fără chit de rosturi sărit",,"Trotuar, terasă parter, zonă piscină, alei rezidențiale",10-20,mp,80,80,Da,"Gresie lipită pe adeziv, stabilă, fără chit de rosturi sărit","Estimare: 80 €/mp fără TVA (preț fix) pentru 10-20 mp. Lucrare: Aplicare covor piatră naturală/marmură, finisaj/sistem: Gresie lipită pe adeziv, stabilă, fără chit de rosturi sărit. Aceasta este o estimare orientativă — confirmarea vine pe WhatsApp după analiza pozelor."
CM-GRE-21-50,Covoare de marmură,Aplicare covor piatră naturală/marmură,"Gresie lipită pe adeziv, stabilă, fără chit de rosturi sărit",,"Trotuar, terasă parter, zonă piscină, alei rezidențiale",21-50,mp,70,70,Da,"Gresie lipită pe adeziv, stabilă, fără chit de rosturi sărit","Estimare: 70 €/mp fără TVA (preț fix) pentru 21-50 mp. Lucrare: Aplicare covor piatră naturală/marmură, finisaj/sistem: Gresie lipită pe adeziv, stabilă, fără chit de rosturi sărit. Aceasta este o estimare orientativă — confirmarea vine pe WhatsApp după analiza pozelor."
CM-GRE-51-100,Covoare de marmură,Aplicare covor piatră naturală/marmură,"Gresie lipită pe adeziv, stabilă, fără chit de rosturi sărit",,"Trotuar, terasă parter, zonă piscină, alei rezidențiale",51-100,mp,65,65,Da,"Gresie lipită pe adeziv, stabilă, fără chit de rosturi sărit","Estimare: 65 €/mp fără TVA (preț fix) pentru 51-100 mp. Lucrare: Aplicare covor piatră naturală/marmură, finisaj/sistem: Gresie lipită pe adeziv, stabilă, fără chit de rosturi sărit. Aceasta este o estimare orientativă — confirmarea vine pe WhatsApp după analiza pozelor."
CM-GRE-101-250,Covoare de marmură,Aplicare covor piatră naturală/marmură,"Gresie lipită pe adeziv, stabilă, fără chit de rosturi sărit",,"Trotuar, terasă parter, zonă piscină, alei rezidențiale",101-250,mp,60,60,Da,"Gresie lipită pe adeziv, stabilă, fără chit de rosturi sărit","Estimare: 60 €/mp fără TVA (preț fix) pentru 101-250 mp. Lucrare: Aplicare covor piatră naturală/marmură, finisaj/sistem: Gresie lipită pe adeziv, stabilă, fără chit de rosturi sărit. Aceasta este o estimare orientativă — confirmarea vine pe WhatsApp după analiza pozelor."
CM-GRE-10-20,Covoare de marmură,Aplicare covor piatră naturală/marmură,Gresie cu chit de rosturi sărit / beton degradat / crăpături,,"Trotuar, terasă parter, zonă piscină, alei rezidențiale",10-20,mp,127,127,Da,Gresie cu chit de rosturi sărit / beton degradat / crăpături,"Estimare: 127 €/mp fără TVA (preț fix) pentru 10-20 mp. Lucrare: Aplicare covor piatră naturală/marmură, finisaj/sistem: Gresie cu chit de rosturi sărit / beton degradat / crăpături. Aceasta este o estimare orientativă — confirmarea vine pe WhatsApp după analiza pozelor."
CM-GRE-21-50,Covoare de marmură,Aplicare covor piatră naturală/marmură,Gresie cu chit de rosturi sărit / beton degradat / crăpături,,"Trotuar, terasă parter, zonă piscină, alei rezidențiale",21-50,mp,117,117,Da,Gresie cu chit de rosturi sărit / beton degradat / crăpături,"Estimare: 117 €/mp fără TVA (preț fix) pentru 21-50 mp. Lucrare: Aplicare covor piatră naturală/marmură, finisaj/sistem: Gresie cu chit de rosturi sărit / beton degradat / crăpături. Aceasta este o estimare orientativă — confirmarea vine pe WhatsApp după analiza pozelor."
CM-GRE-51-100,Covoare de marmură,Aplicare covor piatră naturală/marmură,Gresie cu chit de rosturi sărit / beton degradat / crăpături,,"Trotuar, terasă parter, zonă piscină, alei rezidențiale",51-100,mp,110,110,Da,Gresie cu chit de rosturi sărit / beton degradat / crăpături,"Estimare: 110 €/mp fără TVA (preț fix) pentru 51-100 mp. Lucrare: Aplicare covor piatră naturală/marmură, finisaj/sistem: Gresie cu chit de rosturi sărit / beton degradat / crăpături. Aceasta este o estimare orientativă — confirmarea vine pe WhatsApp după analiza pozelor."
CM-GRE-101-250,Covoare de marmură,Aplicare covor piatră naturală/marmură,Gresie cu chit de rosturi sărit / beton degradat / crăpături,,"Trotuar, terasă parter, zonă piscină, alei rezidențiale",101-250,mp,100,100,Da,Gresie cu chit de rosturi sărit / beton degradat / crăpături,"Estimare: 100 €/mp fără TVA (preț fix) pentru 101-250 mp. Lucrare: Aplicare covor piatră naturală/marmură, finisaj/sistem: Gresie cu chit de rosturi sărit / beton degradat / crăpături. Aceasta este o estimare orientativă — confirmarea vine pe WhatsApp după analiza pozelor."
CM-COV-10-20,Covoare de marmură,Aplicare covor piatră naturală/marmură,"Covor de marmură existent, degradat",,"Trotuar, terasă parter, zonă piscină, alei rezidențiale",10-20,mp,135,135,Da,"Covor de marmură existent, degradat","Estimare: 135 €/mp fără TVA (preț fix) pentru 10-20 mp. Lucrare: Aplicare covor piatră naturală/marmură, finisaj/sistem: Covor de marmură existent, degradat. Aceasta este o estimare orientativă — confirmarea vine pe WhatsApp după analiza pozelor."
CM-COV-21-50,Covoare de marmură,Aplicare covor piatră naturală/marmură,"Covor de marmură existent, degradat",,"Trotuar, terasă parter, zonă piscină, alei rezidențiale",21-50,mp,128,128,Da,"Covor de marmură existent, degradat","Estimare: 128 €/mp fără TVA (preț fix) pentru 21-50 mp. Lucrare: Aplicare covor piatră naturală/marmură, finisaj/sistem: Covor de marmură existent, degradat. Aceasta este o estimare orientativă — confirmarea vine pe WhatsApp după analiza pozelor."
CM-COV-51-100,Covoare de marmură,Aplicare covor piatră naturală/marmură,"Covor de marmură existent, degradat",,"Trotuar, terasă parter, zonă piscină, alei rezidențiale",51-100,mp,120,120,Da,"Covor de marmură existent, degradat","Estimare: 120 €/mp fără TVA (preț fix) pentru 51-100 mp. Lucrare: Aplicare covor piatră naturală/marmură, finisaj/sistem: Covor de marmură existent, degradat. Aceasta este o estimare orientativă — confirmarea vine pe WhatsApp după analiza pozelor."
CM-COV-101-250,Covoare de marmură,Aplicare covor piatră naturală/marmură,"Covor de marmură existent, degradat",,"Trotuar, terasă parter, zonă piscină, alei rezidențiale",101-250,mp,110,110,Da,"Covor de marmură existent, degradat","Estimare: 110 €/mp fără TVA (preț fix) pentru 101-250 mp. Lucrare: Aplicare covor piatră naturală/marmură, finisaj/sistem: Covor de marmură existent, degradat. Aceasta este o estimare orientativă — confirmarea vine pe WhatsApp după analiza pozelor."
FD-NOUA-51-100,Fundații,Pereți fundație exterioară,"Construcție nouă, cofrată cu panouri Doka",,,51-100,mp,23,38,Da,"Construcție nouă, cofrată cu panouri Doka","Estimare: 23–38 €/mp fără TVA (interval) pentru 51-100 mp. Lucrare: Pereți fundație exterioară, finisaj/sistem: Construcție nouă, cofrată cu panouri Doka. Aceasta este o estimare orientativă — confirmarea vine pe WhatsApp după analiza pozelor."
FD-NOUA-100-250,Fundații,Pereți fundație exterioară,"Construcție nouă, cofrată cu panouri Doka",,,100-250,mp,21,35,Da,"Construcție nouă, cofrată cu panouri Doka","Estimare: 21–35 €/mp fără TVA (interval) pentru 100-250 mp. Lucrare: Pereți fundație exterioară, finisaj/sistem: Construcție nouă, cofrată cu panouri Doka. Aceasta este o estimare orientativă — confirmarea vine pe WhatsApp după analiza pozelor."
FD-VECHE-51-100,Fundații,Pereți fundație exterioară,"Construcție veche, săpătură manuală",,,51-100,mp,290,290,Da,"Construcție veche, săpătură manuală","Estimare: 290 €/mp fără TVA (preț fix) pentru 51-100 mp. Lucrare: Pereți fundație exterioară, finisaj/sistem: Construcție veche, săpătură manuală. Aceasta este o estimare orientativă — confirmarea vine pe WhatsApp după analiza pozelor."
FD-VECHE-100-250,Fundații,Pereți fundație exterioară,"Construcție veche, săpătură manuală",,,100-250,mp,260,260,Da,"Construcție veche, săpătură manuală","Estimare: 260 €/mp fără TVA (preț fix) pentru 100-250 mp. Lucrare: Pereți fundație exterioară, finisaj/sistem: Construcție veche, săpătură manuală. Aceasta este o estimare orientativă — confirmarea vine pe WhatsApp după analiza pozelor."
BO-01,Barieră orizontală pereți cărămidă,Barieră orizontală în pereți cărămidă plină,Injectare rășini hidroizolante,,,20-500,ml,140,140,Da,Barieră orizontală pereți cărămidă,"Estimare: 140 €/ml fără TVA (preț fix) pentru 20-500 ml. Lucrare: Barieră orizontală în pereți cărămidă plină, finisaj/sistem: Injectare rășini hidroizolante. Aceasta este o estimare orientativă — confirmarea vine pe WhatsApp după analiza pozelor."
IP-01,Injectări pereți beton,Injectări în pereți beton,Injectare rășini prin pakere,,,20-500,ml,120,120,Da,Injectări pereți beton,"Estimare: 120 €/ml fără TVA (preț fix) pentru 20-500 ml. Lucrare: Injectări în pereți beton, finisaj/sistem: Injectare rășini prin pakere. Aceasta este o estimare orientativă — confirmarea vine pe WhatsApp după analiza pozelor."
